AdaBoostRegressor,Anova,ExtraTreesRegressor,GradientBoostingRegressor,LassoCV,MutualInformation,NoFS,RandomForestRegressor,XGBRegressor
1.0,1.0,1.0,0.6304412227869625,9.628070243343943e-06,1.0,0.11979011878068385,1.0,1.0
1.0,1.0,0.26736829594840755,0.03878252917709276,0.001107317780812505,1.0,1.0,0.16540129993184516,0.3595226315541632
1.0,0.26736829594840755,1.0,1.0,6.456907253165488e-09,0.9824458064225411,0.000893445955222474,1.0,1.0
0.6304412227869625,0.03878252917709276,1.0,1.0,1.4093358347604627e-10,0.26736829594840755,5.256125146565173e-05,1.0,1.0
9.628070243343943e-06,0.001107317780812505,6.456907253165488e-09,1.4093358347604627e-10,1.0,6.727671051223787e-05,0.2877323408265769,2.3538957687603452e-09,1.7408551015550105e-08
1.0,1.0,0.9824458064225411,0.26736829594840755,6.727671051223787e-05,1.0,0.3225783860935569,0.6872398864318151,1.0
0.11979011878068385,1.0,0.000893445955222474,5.256125146565173e-05,0.2877323408265769,0.3225783860935569,1.0,0.00042884339065605377,0.0017471119054695184
1.0,0.16540129993184516,1.0,1.0,2.3538957687603452e-09,0.6872398864318151,0.00042884339065605377,1.0,1.0
1.0,0.3595226315541632,1.0,1.0,1.7408551015550105e-08,1.0,0.0017471119054695184,1.0,1.0
