GradientBoostingRegressor,XGBRegressor,AdaBoostRegressor,RandomForestRegressor,Anova,ExtraTreesRegressor,MutualInformation,NoFS,LassoCV
1.0,0.9,0.9,0.9,0.9,0.9,0.0860777493225865,0.001,0.001
0.9,1.0,0.9,0.9,0.9,0.9,0.14794289662637616,0.001,0.001
0.9,0.9,1.0,0.9,0.9,0.9,0.30629483218007714,0.001,0.001
0.9,0.9,0.9,1.0,0.9,0.9,0.322894893379329,0.001,0.001
0.9,0.9,0.9,0.9,1.0,0.9,0.4726432219915223,0.0010644577098078978,0.001
0.9,0.9,0.9,0.9,0.9,1.0,0.7418336233073419,0.005736760789497475,0.001
0.0860777493225865,0.14794289662637616,0.30629483218007714,0.322894893379329,0.4726432219915223,0.7418336233073419,1.0,0.44651518386124744,0.001
0.001,0.001,0.001,0.001,0.0010644577098078978,0.005736760789497475,0.44651518386124744,1.0,0.011331042531406266
0.001,0.001,0.001,0.001,0.001,0.001,0.001,0.011331042531406266,1.0
