GradientBoostingRegressor,Anova,RandomForestRegressor,AdaBoostRegressor,XGBRegressor,ExtraTreesRegressor,MutualInformation,NoFS,LassoCV
1.0,0.9,0.9,0.9,0.9,0.9,0.3228903500804259,0.09334100762752151,0.06108493352248212
0.9,1.0,0.9,0.9,0.9,0.9,0.5269217422631078,0.19959875527950655,0.13876491690661652
0.9,0.9,1.0,0.9,0.9,0.9,0.6321227293550388,0.2849233168695089,0.20627552796994275
0.9,0.9,0.9,1.0,0.9,0.9,0.6547642657558479,0.30571121083080954,0.22340387427236164
0.9,0.9,0.9,0.9,1.0,0.9,0.9,0.6982111724335126,0.6021590114118522
0.9,0.9,0.9,0.9,0.9,1.0,0.9,0.7107640190017004,0.6147131875502534
0.3228903500804259,0.5269217422631078,0.6321227293550388,0.6547642657558479,0.9,0.9,1.0,0.9,0.9
0.09334100762752151,0.19959875527950655,0.2849233168695089,0.30571121083080954,0.6982111724335126,0.7107640190017004,0.9,1.0,0.9
0.06108493352248212,0.13876491690661652,0.20627552796994275,0.22340387427236164,0.6021590114118522,0.6147131875502534,0.9,0.9,1.0
