GradientBoostingRegressor,XGBRegressor,RandomForestRegressor,ExtraTreesRegressor,MutualInformation,AdaBoostRegressor,Anova,NoFS,LassoCV
0.0,0.0004187449807360327,0.0018981371859700252,0.002046908694653765,0.0032636099492397846,0.004723235310662516,0.008542917787115675,0.010772929877072734,0.02670084454805155
-0.0004187449807360327,0.0,0.0014793922052339925,0.0016281637139177324,0.002844864968503752,0.004304490329926483,0.008124172806379643,0.010354184896336702,0.026282099567315517
-0.0018981371859700252,-0.0014793922052339925,0.0,0.0001487715086837399,0.0013654727632697594,0.0028250981246924906,0.00664478060114565,0.00887479269110271,0.024802707362081525
-0.002046908694653765,-0.0016281637139177324,-0.0001487715086837399,0.0,0.0012167012545860195,0.0026763266160087507,0.00649600909246191,0.00872602118241897,0.024653935853397785
-0.0032636099492397846,-0.002844864968503752,-0.0013654727632697594,-0.0012167012545860195,0.0,0.0014596253614227311,0.005279307837875891,0.00750931992783295,0.023437234598811765
-0.004723235310662516,-0.004304490329926483,-0.0028250981246924906,-0.0026763266160087507,-0.0014596253614227311,0.0,0.0038196824764531595,0.006049694566410219,0.021977609237389034
-0.008542917787115675,-0.008124172806379643,-0.00664478060114565,-0.00649600909246191,-0.005279307837875891,-0.0038196824764531595,0.0,0.002230012089957059,0.018157926760935875
-0.010772929877072734,-0.010354184896336702,-0.00887479269110271,-0.00872602118241897,-0.00750931992783295,-0.006049694566410219,-0.002230012089957059,0.0,0.015927914670978816
-0.02670084454805155,-0.026282099567315517,-0.024802707362081525,-0.024653935853397785,-0.023437234598811765,-0.021977609237389034,-0.018157926760935875,-0.015927914670978816,0.0
