XGBRegressor,GradientBoostingRegressor,RandomForestRegressor,ExtraTreesRegressor,AdaBoostRegressor,Anova,MutualInformation,NoFS,LassoCV
0.0,0.0008664091975803256,0.0029117756832228725,0.005705520874886405,0.006058947899834327,0.006730626744434115,0.011578743052733403,0.020255907777403104,0.03781291740768131
-0.0008664091975803256,0.0,0.002045366485642547,0.004839111677306079,0.0051925387022540015,0.005864217546853789,0.010712333855153078,0.019389498579822778,0.03694650821010098
-0.0029117756832228725,-0.002045366485642547,0.0,0.0027937451916635325,0.0031471722166114546,0.0038188510612112425,0.008666967369510531,0.01734413209418023,0.034901141724458434
-0.005705520874886405,-0.004839111677306079,-0.0027937451916635325,0.0,0.0003534270249479221,0.00102510586954771,0.005873222177846998,0.014550386902516699,0.0321073965327949
-0.006058947899834327,-0.0051925387022540015,-0.0031471722166114546,-0.0003534270249479221,0.0,0.0006716788445997879,0.005519795152899076,0.014196959877568777,0.03175396950784698
-0.006730626744434115,-0.005864217546853789,-0.0038188510612112425,-0.00102510586954771,-0.0006716788445997879,0.0,0.004848116308299288,0.013525281032968989,0.031082290663247192
-0.011578743052733403,-0.010712333855153078,-0.008666967369510531,-0.005873222177846998,-0.005519795152899076,-0.004848116308299288,0.0,0.0086771647246697,0.026234174354947903
-0.020255907777403104,-0.019389498579822778,-0.01734413209418023,-0.014550386902516699,-0.014196959877568777,-0.013525281032968989,-0.0086771647246697,0.0,0.017557009630278203
-0.03781291740768131,-0.03694650821010098,-0.034901141724458434,-0.0321073965327949,-0.03175396950784698,-0.031082290663247192,-0.026234174354947903,-0.017557009630278203,0.0
