GradientBoostingRegressor,XGBRegressor,AdaBoostRegressor,RandomForestRegressor,Anova,ExtraTreesRegressor,MutualInformation,NoFS,LassoCV
1.0,0.9,0.9,0.9,0.9,0.9,0.029853829306027646,0.001,0.001
0.9,1.0,0.9,0.9,0.9,0.9,0.0464503916127883,0.001,0.001
0.9,0.9,1.0,0.9,0.9,0.9,0.12456582927247661,0.001,0.001
0.9,0.9,0.9,1.0,0.9,0.9,0.13278961271345602,0.001,0.001
0.9,0.9,0.9,0.9,1.0,0.9,0.19246122998844628,0.001,0.001
0.9,0.9,0.9,0.9,0.9,1.0,0.5779580766470056,0.003451818046082078,0.001
0.029853829306027646,0.0464503916127883,0.12456582927247661,0.13278961271345602,0.19246122998844628,0.5779580766470056,1.0,0.5299720299458179,0.001
0.001,0.001,0.001,0.001,0.001,0.003451818046082078,0.5299720299458179,1.0,0.0529119254833782
0.001,0.001,0.001,0.001,0.001,0.001,0.001,0.0529119254833782,1.0
