GradientBoostingRegressor,Anova,RandomForestRegressor,AdaBoostRegressor,XGBRegressor,ExtraTreesRegressor,MutualInformation,NoFS,LassoCV
0.0,0.021771947174696438,0.03368056206678438,0.03624388517327459,0.07948014738737297,0.08090103274114024,0.1586625394639647,0.19698074310593294,0.20785370923542013
-0.021771947174696438,0.0,0.011908614892087943,0.014471937998578155,0.05770820021267653,0.059129085566443806,0.13689059228926825,0.1752087959312365,0.1860817620607237
-0.03368056206678438,-0.011908614892087943,0.0,0.0025633231064902118,0.04579958532058859,0.04722047067435586,0.12498197739718031,0.16330018103914856,0.17417314716863574
-0.03624388517327459,-0.014471937998578155,-0.0025633231064902118,0.0,0.043236262214098375,0.04465714756786565,0.1224186542906901,0.16073685793265835,0.17160982406214553
-0.07948014738737297,-0.05770820021267653,-0.04579958532058859,-0.043236262214098375,0.0,0.001420885353767276,0.07918239207659172,0.11750059571855997,0.12837356184804716
-0.08090103274114024,-0.059129085566443806,-0.04722047067435586,-0.04465714756786565,-0.001420885353767276,0.0,0.07776150672282445,0.1160797103647927,0.12695267649427988
-0.1586625394639647,-0.13689059228926825,-0.12498197739718031,-0.1224186542906901,-0.07918239207659172,-0.07776150672282445,0.0,0.03831820364196825,0.049191169771455434
-0.19698074310593294,-0.1752087959312365,-0.16330018103914856,-0.16073685793265835,-0.11750059571855997,-0.1160797103647927,-0.03831820364196825,0.0,0.010872966129487183
-0.20785370923542013,-0.1860817620607237,-0.17417314716863574,-0.17160982406214553,-0.12837356184804716,-0.12695267649427988,-0.049191169771455434,-0.010872966129487183,0.0
