GradientBoostingRegressor,XGBRegressor,RandomForestRegressor,AdaBoostRegressor,Anova,ExtraTreesRegressor,MutualInformation,NoFS,LassoCV
0.0,0.0019755137433266345,0.0025639395128490977,0.0033342303544451057,0.004002722749469181,0.006192194038095969,0.013754885819573168,0.023862728293774407,0.036470452442384935
-0.0019755137433266345,0.0,0.0005884257695224632,0.0013587166111184712,0.002027209006142547,0.004216680294769334,0.011779372076246533,0.021887214550447773,0.0344949386990583
-0.0025639395128490977,-0.0005884257695224632,0.0,0.000770290841596008,0.0014387832366200837,0.003628254525246871,0.01119094630672407,0.02129878878092531,0.03390651292953584
-0.0033342303544451057,-0.0013587166111184712,-0.000770290841596008,0.0,0.0006684923950240756,0.002857963683650863,0.010420655465128062,0.0205284979393293,0.03313622208793983
-0.004002722749469181,-0.002027209006142547,-0.0014387832366200837,-0.0006684923950240756,0.0,0.0021894712886267875,0.009752163070103986,0.019860005544305226,0.03246772969291575
-0.006192194038095969,-0.004216680294769334,-0.003628254525246871,-0.002857963683650863,-0.0021894712886267875,0.0,0.007562691781477199,0.01767053425567844,0.030278258404288966
-0.013754885819573168,-0.011779372076246533,-0.01119094630672407,-0.010420655465128062,-0.009752163070103986,-0.007562691781477199,0.0,0.01010784247420124,0.022715566622811767
-0.023862728293774407,-0.021887214550447773,-0.02129878878092531,-0.0205284979393293,-0.019860005544305226,-0.01767053425567844,-0.01010784247420124,0.0,0.012607724148610527
-0.036470452442384935,-0.0344949386990583,-0.03390651292953584,-0.03313622208793983,-0.03246772969291575,-0.030278258404288966,-0.022715566622811767,-0.012607724148610527,0.0
