GradientBoostingRegressor,XGBRegressor,RandomForestRegressor,AdaBoostRegressor,Anova,ExtraTreesRegressor,MutualInformation,NoFS,LassoCV
1.0,0.9,0.9,0.9,0.9,0.9,0.06320825508011318,0.001,0.001
0.9,1.0,0.9,0.9,0.9,0.9,0.1866337239874769,0.001,0.001
0.9,0.9,1.0,0.9,0.9,0.9,0.2455136459477325,0.001,0.001
0.9,0.9,0.9,1.0,0.9,0.9,0.339055378855292,0.001,0.001
0.9,0.9,0.9,0.9,1.0,0.9,0.435175797273726,0.001,0.001
0.9,0.9,0.9,0.9,0.9,1.0,0.7306761676661874,0.0037864098936167823,0.001
0.06320825508011318,0.1866337239874769,0.2455136459477325,0.339055378855292,0.435175797273726,0.7306761676661874,1.0,0.38319073649415547,0.001
0.001,0.001,0.001,0.001,0.001,0.0037864098936167823,0.38319073649415547,1.0,0.12255871443859612
0.001,0.001,0.001,0.001,0.001,0.001,0.001,0.12255871443859612,1.0
