AdaBoostRegressor,Anova,ExtraTreesRegressor,GradientBoostingRegressor,LassoCV,MutualInformation,NoFS,RandomForestRegressor,XGBRegressor
1.0,1.0,0.9816418301674017,1.0,2.0957823394705225e-08,0.029150948916673417,7.333551615400239e-08,1.0,1.0
1.0,1.0,1.0,1.0,6.4251937182722866e-06,0.6533103116830868,2.0798608359027637e-05,1.0,1.0
0.9816418301674017,1.0,1.0,0.8340869318785281,0.00015078222484003843,1.0,0.0004327055004576768,1.0,0.9081526918595341
1.0,1.0,0.8340869318785281,1.0,1.1006714249141585e-08,0.020628125495864694,4.0677720562707425e-08,1.0,1.0
2.0957823394705225e-08,6.4251937182722866e-06,0.00015078222484003843,1.1006714249141585e-08,1.0,0.029150948916673417,1.0,4.0677720562707425e-08,1.520953155928109e-08
0.029150948916673417,0.6533103116830868,1.0,0.020628125495864694,0.029150948916673417,1.0,0.057582196755372746,0.04033717171241528,0.024584185553676925
7.333551615400239e-08,2.0798608359027637e-05,0.0004327055004576768,4.0677720562707425e-08,1.0,0.057582196755372746,1.0,1.393888762652766e-07,5.386891460345157e-08
1.0,1.0,1.0,1.0,4.0677720562707425e-08,0.04033717171241528,1.393888762652766e-07,1.0,1.0
1.0,1.0,0.9081526918595341,1.0,1.520953155928109e-08,0.024584185553676925,5.386891460345157e-08,1.0,1.0
