AdaBoostRegressor,Anova,ExtraTreesRegressor,GradientBoostingRegressor,LassoCV,MutualInformation,NoFS,RandomForestRegressor,XGBRegressor
1.0,1.0,1.0,1.0,0.0028652310771614792,0.41250864817780725,0.0016431403244617719,1.0,1.0
1.0,1.0,1.0,1.0,0.0016431403244617719,0.2844506583186909,0.0008569552402199121,1.0,1.0
1.0,1.0,1.0,0.11317821559988223,0.12920090492952516,1.0,0.08240814078927854,1.0,1.0
1.0,1.0,0.11317821559988223,1.0,1.904326814084787e-06,0.002364005961809723,8.101580078428098e-07,0.8072395501064461,1.0
0.0028652310771614792,0.0016431403244617719,0.12920090492952516,1.904326814084787e-06,1.0,1.0,1.0,0.009874213626562031,0.001943318220167218
0.41250864817780725,0.2844506583186909,1.0,0.002364005961809723,1.0,1.0,1.0,0.8763014010783463,0.3181379057815028
0.0016431403244617719,0.0008569552402199121,0.08240814078927854,8.101580078428098e-07,1.0,1.0,1.0,0.005383831195256258,0.0010569632589639965
1.0,1.0,1.0,0.8072395501064461,0.009874213626562031,0.8763014010783463,0.005383831195256258,1.0,1.0
1.0,1.0,1.0,1.0,0.001943318220167218,0.3181379057815028,0.0010569632589639965,1.0,1.0
