AdaBoostRegressor,Anova,ExtraTreesRegressor,GradientBoostingRegressor,LassoCV,MutualInformation,NoFS,RandomForestRegressor,XGBRegressor
1.0,1.0,1.0,0.0020986121417207577,5.3047465614393904e-08,0.8637288740506822,1.1222757153506678e-05,0.37623921734504306,0.0016555708985443276
1.0,1.0,1.0,0.0053799820378521,1.118369758009633e-08,0.7190030717226331,3.0925166287312565e-06,0.6376130263952858,0.0045903222603647315
1.0,1.0,1.0,0.009717569921633931,3.4097719509968177e-09,0.5885865133310992,1.0769880282162289e-06,0.7190030717226331,0.008046458394056188
0.0020986121417207577,0.0053799820378521,0.009717569921633931,1.0,1.8601348204178245e-18,4.082661566244087e-06,2.4403454506014697e-15,0.7190030717226331,1.0
5.3047465614393904e-08,1.118369758009633e-08,3.4097719509968177e-09,1.8601348204178245e-18,1.0,5.8088376248270445e-05,1.0,1.575706945151214e-13,1.1706710729416915e-18
0.8637288740506822,0.7190030717226331,0.5885865133310992,4.082661566244087e-06,5.8088376248270445e-05,1.0,0.0045903222603647315,0.0053799820378521,3.0925166287312565e-06
1.1222757153506678e-05,3.0925166287312565e-06,1.0769880282162289e-06,2.4403454506014697e-15,1.0,0.0045903222603647315,1.0,1.216309197247204e-10,1.5653161401420646e-15
0.37623921734504306,0.6376130263952858,0.7190030717226331,0.7190030717226331,1.575706945151214e-13,0.0053799820378521,1.216309197247204e-10,1.0,0.6819988729191335
0.0016555708985443276,0.0045903222603647315,0.008046458394056188,1.0,1.1706710729416915e-18,3.0925166287312565e-06,1.5653161401420646e-15,0.6819988729191335,1.0
