LassoCV,NoFS,MutualInformation,ExtraTreesRegressor,XGBRegressor,RandomForestRegressor,GradientBoostingRegressor,Anova,AdaBoostRegressor
1.0,0.9,0.9,0.4518917602814426,0.2697019375267272,0.16495970167265606,0.12380649322235981,0.02091615101693156,0.009263729949377075
0.9,1.0,0.9,0.47172814026667886,0.2860725810873904,0.1762533438636703,0.13236382617457654,0.023036405245708713,0.010285811151651614
0.9,0.9,1.0,0.9,0.8944230234782715,0.7541185574306538,0.680220828387567,0.29329004770952627,0.17679929938360428
0.4518917602814426,0.47172814026667886,0.9,1.0,0.9,0.9,0.9,0.9,0.8189372205692227
0.2697019375267272,0.2860725810873904,0.8944230234782715,0.9,1.0,0.9,0.9,0.9,0.9
0.16495970167265606,0.1762533438636703,0.7541185574306538,0.9,0.9,1.0,0.9,0.9,0.9
0.12380649322235981,0.13236382617457654,0.680220828387567,0.9,0.9,0.9,1.0,0.9,0.9
0.02091615101693156,0.023036405245708713,0.29329004770952627,0.9,0.9,0.9,0.9,1.0,0.9
0.009263729949377075,0.010285811151651614,0.17679929938360428,0.8189372205692227,0.9,0.9,0.9,0.9,1.0
