LassoCV,NoFS,MutualInformation,ExtraTreesRegressor,XGBRegressor,RandomForestRegressor,GradientBoostingRegressor,Anova,AdaBoostRegressor
0.0,-0.0016156793915111933,-0.054446210737491674,-0.11291549437065118,-0.12862389303930621,-0.14098753366307615,-0.14749914815854615,-0.18075634269069396,-0.19374523979501546
0.0016156793915111933,0.0,-0.05283053134598048,-0.11129981497913999,-0.12700821364779502,-0.13937185427156495,-0.14588346876703495,-0.17914066329918277,-0.19212956040350426
0.054446210737491674,0.05283053134598048,0.0,-0.05846928363315951,-0.07417768230181454,-0.08654132292558447,-0.09305293742105447,-0.1263101319532023,-0.13929902905752378
0.11291549437065118,0.11129981497913999,0.05846928363315951,0.0,-0.015708398668655033,-0.028072039292424966,-0.034583653787894963,-0.06784084832004278,-0.08082974542436427
0.12862389303930621,0.12700821364779502,0.07417768230181454,0.015708398668655033,0.0,-0.012363640623769934,-0.01887525511923993,-0.05213244965138775,-0.06512134675570924
0.14098753366307615,0.13937185427156495,0.08654132292558447,0.028072039292424966,0.012363640623769934,0.0,-0.006511614495469997,-0.03976880902761781,-0.05275770613193931
0.14749914815854615,0.14588346876703495,0.09305293742105447,0.034583653787894963,0.01887525511923993,0.006511614495469997,0.0,-0.033257194532147816,-0.04624609163646931
0.18075634269069396,0.17914066329918277,0.1263101319532023,0.06784084832004278,0.05213244965138775,0.03976880902761781,0.033257194532147816,0.0,-0.012988897104321495
0.19374523979501546,0.19212956040350426,0.13929902905752378,0.08082974542436427,0.06512134675570924,0.05275770613193931,0.04624609163646931,0.012988897104321495,0.0
