XGBRegressor,GradientBoostingRegressor,RandomForestRegressor,ExtraTreesRegressor,AdaBoostRegressor,Anova,MutualInformation,NoFS,LassoCV
1.0,0.9,0.9,0.5763917444943203,0.5045475680986856,0.35713917497682734,0.0036876686443678697,0.001,0.001
0.9,1.0,0.9,0.7525174676991657,0.6806725160815206,0.5441331630588132,0.010444538856231422,0.001,0.001
0.9,0.9,1.0,0.9,0.9,0.9,0.08547507704299628,0.001,0.001
0.5763917444943203,0.7525174676991657,0.9,1.0,0.9,0.9,0.542300895297426,0.001,0.001
0.5045475680986856,0.6806725160815206,0.9,0.9,1.0,0.9,0.6141463456042585,0.001,0.001
0.35713917497682734,0.5441331630588132,0.9,0.9,0.9,1.0,0.7506867588869736,0.001,0.001
0.0036876686443678697,0.010444538856231422,0.08547507704299628,0.542300895297426,0.6141463456042585,0.7506867588869736,1.0,0.084714792441822,0.001
0.001,0.001,0.001,0.001,0.001,0.001,0.084714792441822,1.0,0.001
0.001,0.001,0.001,0.001,0.001,0.001,0.001,0.001,1.0
