GradientBoostingRegressor,XGBRegressor,AdaBoostRegressor,RandomForestRegressor,Anova,ExtraTreesRegressor,MutualInformation,NoFS,LassoCV
0.0,0.0008635224977718292,0.0030089842695523172,0.003179796354825848,0.004118879590989832,0.007989895656926094,0.019211448079630544,0.030897938116727863,0.048981144720214975
-0.0008635224977718292,0.0,0.002145461771780488,0.0023162738570540187,0.003255357093218003,0.0071263731591542645,0.018347925581858715,0.030034415618956034,0.048117622222443146
-0.0030089842695523172,-0.002145461771780488,0.0,0.00017081208527353064,0.0011098953214375151,0.0049809113873737765,0.016202463810078227,0.027888953847175546,0.04597216045066266
-0.003179796354825848,-0.0023162738570540187,-0.00017081208527353064,0.0,0.0009390832361639845,0.004810099302100246,0.016031651724804696,0.027718141761902015,0.04580134836538913
-0.004118879590989832,-0.003255357093218003,-0.0011098953214375151,-0.0009390832361639845,0.0,0.0038710160659362614,0.015092568488640712,0.02677905852573803,0.04486226512922514
-0.007989895656926094,-0.0071263731591542645,-0.0049809113873737765,-0.004810099302100246,-0.0038710160659362614,0.0,0.01122155242270445,0.02290804245980177,0.04099124906328888
-0.019211448079630544,-0.018347925581858715,-0.016202463810078227,-0.016031651724804696,-0.015092568488640712,-0.01122155242270445,0.0,0.011686490037097319,0.02976969664058443
-0.030897938116727863,-0.030034415618956034,-0.027888953847175546,-0.027718141761902015,-0.02677905852573803,-0.02290804245980177,-0.011686490037097319,0.0,0.018083206603487112
-0.048981144720214975,-0.048117622222443146,-0.04597216045066266,-0.04580134836538913,-0.04486226512922514,-0.04099124906328888,-0.02976969664058443,-0.018083206603487112,0.0
