GradientBoostingRegressor,XGBRegressor,AdaBoostRegressor,RandomForestRegressor,Anova,ExtraTreesRegressor,MutualInformation,NoFS,LassoCV
0.0,0.0009507574647099615,0.0024496476045858806,0.002576849810471904,0.003578730795706364,0.00550343370146178,0.012649423808850924,0.02189339003703128,0.03743931732567629
-0.0009507574647099615,0.0,0.0014988901398759191,0.0016260923457619425,0.0026279733309964026,0.004552676236751818,0.011698666344140962,0.020942632572321318,0.03648855986096633
-0.0024496476045858806,-0.0014988901398759191,0.0,0.00012720220588602338,0.0011290831911204835,0.003053786096875899,0.010199776204265043,0.0194437424324454,0.03498966972109041
-0.002576849810471904,-0.0016260923457619425,-0.00012720220588602338,0.0,0.0010018809852344601,0.0029265838909898756,0.01007257399837902,0.019316540226559376,0.03486246751520439
-0.003578730795706364,-0.0026279733309964026,-0.0011290831911204835,-0.0010018809852344601,0.0,0.0019247029057554155,0.00907069301314456,0.018314659241324915,0.03386058652996993
-0.00550343370146178,-0.004552676236751818,-0.003053786096875899,-0.0029265838909898756,-0.0019247029057554155,0.0,0.007145990107389144,0.0163899563355695,0.03193588362421451
-0.012649423808850924,-0.011698666344140962,-0.010199776204265043,-0.01007257399837902,-0.00907069301314456,-0.007145990107389144,0.0,0.009243966228180356,0.024789893516825368
-0.02189339003703128,-0.020942632572321318,-0.0194437424324454,-0.019316540226559376,-0.018314659241324915,-0.0163899563355695,-0.009243966228180356,0.0,0.015545927288645012
-0.03743931732567629,-0.03648855986096633,-0.03498966972109041,-0.03486246751520439,-0.03386058652996993,-0.03193588362421451,-0.024789893516825368,-0.015545927288645012,0.0
